Title,URL,Date
What Is Data Scraping And How Can You Use It? | Target ...,https://www.targetinternet.com/what-is-data-scraping-and-how-can-you-use-it/,"Sep 13, 2017 - Uploaded by Lucy Provost"
What is DATA SCRAPING? What does DATA SCRAPING ...,https://www.youtube.com/watch?v=omTtMylcWOI,"Sep 21, 2017 - Uploaded by The Audiopedia"
What is Web Scraping and How Does Web Crawling Work?,https://www.scrapinghub.com/what-is-web-scraping,"May 18, 2019 - Uploaded by Scrapinghub"
Web Scraping Tutorial - How to Scrape Modern Websites for ...,https://www.youtube.com/watch?v=vsmxMLmroyQ,"Mar 10, 2017 - Uploaded by Fullstack Academy"
Best Data Scraping Tools for 2020 (Top 10 Reviews) | Octoparse,https://www.octoparse.com/blog/best-data-scraping-tools-for-2019-top-10-reviews,"Jun 3, 2019 - Uploaded by Octoparse"
9 FREE Web Scrapers That You Cannot Miss in 2020 ...,https://www.octoparse.com/blog/9-free-web-scrapers-that-you-cannot-miss,"Sep 5, 2019 - Uploaded by Octoparse"
Best Data Scraping Tools for 2020 (Top 10 Reviews) | by ...,https://medium.com/datadriveninvestor/best-data-scraping-tools-for-2019-top-10-reviews-4a686061a184,"May 6, 2019 - Uploaded by Octoparse"
Data Scraping for SEO & Analytics - Tutorial - Optimize Smart,https://www.optimizesmart.com/data-scraping-guide-for-seo/,"Oct 7, 2011 - Uploaded by Garrett French CL"
Top 30 Free Web Scraping Software in 2020 | Octoparse,https://www.octoparse.com/blog/top-30-free-web-scraping-software,"May 19, 2019 - Uploaded by Octoparse"
20 best web scraping tools for 2020 - ScrapingBee,https://www.scrapingbee.com/blog/web-scraping-tools/,"Feb 19, 2020 - Uploaded by Web Scraper"
Examples of Businesses Who Use Data Scraping | Octoparse,https://www.octoparse.com/blog/examples-of-who-use-data-scraping,"Mar 2, 2020 - Uploaded by Octoparse"
Web Crawling vs Web Scraping: The Differences - Blog ...,https://oxylabs.io/blog/crawling-vs-scraping,"Dec 18, 2019 - Uploaded by Oxylabs"
10 Myths about Web Scraping [NEW] | Octoparse,https://www.octoparse.com/blog/10-myths-about-web-scraping,"Jul 30, 2019 - Uploaded by Octoparse"
"Big Data: What Is Web Scraping, and Why Does It Matter ...",https://www.octoparse.com/blog/big-data-what-is-web-scraping-and-why-does-it-matter,"Feb 24, 2020 - Uploaded by Octoparse"
Web Scraping With Python - A Beginner's Guide | Edureka,https://www.edureka.co/blog/web-scraping-with-python/,"May 18, 2020 - Uploaded by edureka!"
Data Scraping and Mining From Websites Free No Coding ...,https://www.youtube.com/watch?v=CKRjXZSgg-g,"Feb 20, 2017 - Uploaded by Just2 Techno"
5 Best Web Scraping Tools in 2020! - YouTube,https://www.youtube.com/watch?v=QbkXCkcmHJI,"Apr 8, 2019 - Uploaded by Octoparse"
"Data Scraping from websites into Excel | Web Scraping, Lead ...",https://www.youtube.com/watch?v=YQbe20G0ZSM,"Jan 5, 2018 - Uploaded by Video Editing & Video Marketing Services"
Automate Web Data Extraction and Data Scraping ...,https://www.helpsystems.com/product-lines/automate/data-scraping-extraction,"Sep 5, 2015"
Web Scraping Tutorial - How to Seed your Database with Web ...,https://www.youtube.com/watch?v=_opDs6UPDyo,"Mar 9, 2017 - Uploaded by Fullstack Academy"
Web Data Extraction Automation - UiPath,https://www.uipath.com/developers/video-tutorials/web-data-extraction-automation,"Oct 6, 2014 - Uploaded by UiPath"
What is Web Scraping and What is it Used For? | ParseHub,https://www.parsehub.com/blog/what-is-web-scraping/,"Aug 6, 2019 - Uploaded by ParseHub"
Extract Data from any Website using Data Scraper - Easy Web ...,https://www.youtube.com/watch?v=B7yyemwCf7g,"Nov 10, 2017 - Uploaded by ITfriend"
difference between data scraping and screen scraping in ...,https://www.youtube.com/watch?v=NNm4dUZwjOU,"Aug 27, 2019 - Uploaded by Parthiban Rajendran"
Data Scraping is Revolutionary - Rebellion Research,https://www.rebellionresearch.com/blog/data-scraping-is-revolutionary,"Apr 10, 2020 - Uploaded by ParseHub"
Tutorial - How to Scrape Data from Websites with Data Miner ...,https://www.youtube.com/watch?v=Zrq5E0zagGw,"Dec 4, 2019 - Uploaded by Derek Caelin"
Automate Web Data Scraping | HelpSystems,https://www.helpsystems.com/blog/automate-data-web-scraping,"Apr 3, 2017"
Web Scraping Software - UiPath,https://www.uipath.com/solutions/technology/web-scraping-software,"Jan 31, 2015 - Uploaded by UiPath"
Real Estate Web Scraping: Changing This Industry - Blog ...,https://oxylabs.io/blog/data-scraping-for-real-estate,"May 11, 2020 - Uploaded by Oxylabs"
ImportFromWeb | Easy Web Scraping - G Suite Marketplace,https://gsuite.google.com/marketplace/app/importfromweb_easy_web_scraping/278587576794,"Feb 4, 2020 - Uploaded by NoDataNoBusiness"
Web Scraping vs. Data API Scraping - Alternatives to HTML ...,https://www.youtube.com/watch?v=zj7pXM9gE5M,"May 31, 2020 - Uploaded by Stevesie Data"
Web Scraping VS Data Mining: What's the Difference ...,https://www.youtube.com/watch?v=ssUeAe30UTI,"Mar 16, 2020 - Uploaded by ParseHub"
What is Web Scraping and Who is Using it? | Octoparse,https://www.octoparse.com/blog/what-is-web-scraping,"Aug 27, 2018 - Uploaded by Octoparse"
Data scraping from single pages | Octoparse,https://www.octoparse.com/tutorial/single-page-web-scraping-octoparse,"Jun 23, 2016 - Uploaded by Octoparse"
QVC Can't Stop Web Scraping - Forbes,https://www.forbes.com/sites/ericgoldman/2015/03/24/qvc-cant-stop-web-scraping/,"Mar 24, 2015"
Is Data Scraping Legal in 2020? Recent Court Rulings & Data ...,https://www.youtube.com/watch?v=btjtuMsfdb4,"Mar 17, 2020 - Uploaded by Stevesie Data"
How to Scrape Websites at Large Scale (2020 Guide ...,https://www.octoparse.com/blog/scrape-websites-at-large-scale,"Feb 3, 2020 - Uploaded by Octoparse"
Data Scraping - YouTube,https://www.youtube.com/watch?v=OWW1QZUFH8A,"Oct 9, 2018 - Uploaded by The American College of Trust and Estate Counsel"
Automated data scraping from websites into Excel - YouTube,https://www.youtube.com/watch?v=qbOdUaf4yfI,"Nov 3, 2012 - Uploaded by Dinesh Kumar Takyar"
Web Scraping Examples: How are Businesses Using Web ...,https://www.parsehub.com/blog/web-scraping-examples/,"Oct 28, 2019 - Uploaded by ParseHub"
Creating a horse racing Tableau dashboard from data scraping,https://www.import.io/post/data-scraping-horse-racing/,"Apr 13, 2018 - Uploaded by Craig S Dewar"
5 Reasons Why Web Scraping May Benefit Your Business ...,https://www.octoparse.com/blog/why-web-scraping-may-benefit-your-business,"Dec 17, 2019 - Uploaded by Octoparse"
The Essential Guide To Web Scraping Tools | Understanding ...,https://understandingdata.com/web-scraping-tools/,"Mar 27, 2020 - Uploaded by ParseHub"
Web Scraping vs Data Mining: What's the Difference ...,https://www.parsehub.com/blog/web-scraping-vs-data-mining/,"Mar 2, 2020"
Scraping Data from Website to Excel (Tutorial 2020) | Octoparse,https://www.octoparse.com/blog/scraping-data-from-website-to-excel,"Feb 1, 2020 - Uploaded by Octoparse"
Scraping the web for price comparison data (Mozenda ...,https://www.youtube.com/watch?v=goTxsjD1wTI,"Jan 6, 2019 - Uploaded by RealToughCandy"
Data Scraping 5X Faster - Mozenda,https://www.mozenda.com/data-scraping-5x-faster/,"Oct 9, 2017 - Uploaded by MozendaSupport"
"Automate Data Extraction – Web Scraping, Screen Scraping ...",https://www.youtube.com/watch?v=NwhG7e67sHo,"Jul 20, 2016 - Uploaded by HelpSystems"
Data Scraping and Visualizing using Instant Data Scraper ...,https://osintcurio.us/2020/04/15/data-scraping-and-visualizing-using-instant-data-scraper-viewdns-info-and-maltego/,"Apr 15, 2020 - Uploaded by The OSINT Curious Project"
Data scraping from details of Lists/tables in web pages ...,https://www.octoparse.com/tutorial/list-detail-page-introduction,"Mar 9, 2016 - Uploaded by Octoparse"
Web Scraping Services - 1/3 of fortune 500 companies trust ...,https://www.mozenda.com/services/,"Mar 1, 2019"
What is Data Scraping | Scraping Data From the Web ...,https://teamtreehouse.com/library/what-is-data-scraping,"Aug 23, 2018"
Web Scraping vs API: What's the Difference? | ParseHub,https://www.parsehub.com/blog/web-scraping-vs-api/,"Mar 9, 2020 - Uploaded by ParseHub"
Price Scraping: How to Scrape Product Details from E ...,https://www.octoparse.com/blog/price-scraping-octoparse-free-web-scraping-software,"May 11, 2020 - Uploaded by Octoparse"
Data scraping using Uipath - YouTube,https://www.youtube.com/watch?v=yDpsq5v4UTo,"Oct 16, 2018 - Uploaded by IdeasBySupreet"
UiPath | Data Scraping from a Web Page to Excel | Tutorial ...,https://www.youtube.com/watch?v=vIAJvk4quqA,"Jan 21, 2020 - Uploaded by Anders Jensen"
15 Most Frequently Asked Questions about Web Scraping (Q&A),https://www.octoparse.com/blog/15-most-frequently-asked-questions-of-web-scraping,"Feb 1, 2019 - Uploaded by Octoparse"
Web Scraping Tool to Extract Data from Websites - Agenty,https://www.agenty.com/products/scraping-agent/,"Oct 30, 2019 - Uploaded by Agenty"
Data Scraping Automation Webinar | HelpSystems,https://www.helpsystems.com/resources/on-demand-webinars/automate-data-scraping,"Feb 24, 2017"
Top 20 Web Crawling Tools to Scrape the Websites Quickly ...,https://www.octoparse.com/blog/top-20-web-crawling-tools-for-extracting-web-data,"Aug 23, 2019 - Uploaded by Octoparse"
Scraping tweets from Twitter | Octoparse,https://www.octoparse.com/tutorial-7/scrape-tweets-from-twitter,"Jun 11, 2020 - Uploaded by Octoparse"
About Scrapinghub - The World's Leading Web Scraping ...,https://www.scrapinghub.com/about,"Nov 21, 2018"
What is a present-day web scraper? | Towards Data Science,https://towardsdatascience.com/what-is-a-present-day-scraper-e2c3d3b79648,"Jun 4, 2020 - Uploaded by Dmitry Narizhnykh"
How to track your competitors with price monitoring (data ...,https://www.youtube.com/watch?v=0ccNJqr3Qfk,"Feb 25, 2019 - Uploaded by RealToughCandy"
How To Scrape Web Data – The Basics (Webinar) - Mozenda,https://www.mozenda.com/webinar-video-scrape-web-data-basics/,"Feb 15, 2018 - Uploaded by MozendaSupport"
Data Scraping In UiPath Rpa Example - YouTube,https://www.youtube.com/watch?v=WtyiwEVF2-w,"May 30, 2019 - Uploaded by KB Tutorials"
How Web Scraping for Content Curation Works | Octoparse,https://www.octoparse.com/blog/how-web-scraping-for-content-curation-works,"Aug 14, 2019 - Uploaded by Octoparse"
UiPath - How to Data Scrape from a web page and save to ...,https://www.youtube.com/watch?v=96ZfYM3z28w,"Apr 4, 2020 - Uploaded by Anders Jensen"
Scrape business information from Yelp | Octoparse,https://www.octoparse.com/tutorial-7/scrape-business-information-from-yelp,"Jun 11, 2020 - Uploaded by Octoparse"
Data Scraping - MIT Sloan Analytics Conference,http://www.sloansportsconference.com/content/data-scraping/,"Feb 28, 2017 - Uploaded by 42 Analytics"
3 Most Practical Uses of eCommerce Data Scraping Tools ...,https://www.octoparse.com/blog/most-practical-uses-of-ecommerce-data-scraping-tools,"Jun 2, 2020 - Uploaded by Octoparse"
Tools to scrape leads for Enterprise and B2B Outbound ...,https://medium.com/paua-insights/scrape-leads-for-enterprise-and-b2b-outbound-marketing-%EF%B8%8F-c30fd587d915,"Apr 20, 2018 - Uploaded by Data Miner"
Simple Data Scraping with a Windows VM (on Mac ... - YouTube,https://www.youtube.com/watch?v=T4O1eCrlsaw,"Nov 8, 2018 - Uploaded by RealToughCandy"
How to Generate Sales Leads Using Web Scraping | Octoparse,https://www.octoparse.com/blog/lead-generation-with-web-scraping,"Sep 27, 2019 - Uploaded by Octoparse"
Web Scraping Templates Take Away! | Octoparse,https://www.octoparse.com/blog/big-announcement-web-scraping-template-take-away,"Jun 18, 2019 - Uploaded by Octoparse"
How to Scrape Websites Without Being Blocked? | Octoparse,https://www.octoparse.com/blog/scrape-websites-without-being-blocked,"Jul 5, 2019 - Uploaded by Octoparse"
"How to Scrape Yelp Data: Business Names, Phone Numbers ...",https://www.youtube.com/watch?v=U94MvgexEiE,"Feb 3, 2020 - Uploaded by ParseHub"
Instant Data Scraper - Google Chrome,https://chrome.google.com/webstore/detail/instant-data-scraper/ofaokhiedipichpaobibbnahnkdoiiah/support?hl=zh-CN,"May 23, 2020 - Uploaded by Web Robots"
Chrome Extension Review: Use Ally for data scraping - Tools ...,https://recruitingtools.com/chrome-extension-review-use-ally-for-data-scraping/,"Jan 10, 2020 - Uploaded by RecruitingDaily.com"
HTML Scraping: How to Scrape any Website | ParseHub,https://www.parsehub.com/blog/html-scraping/,"Sep 23, 2019 - Uploaded by ParseHub"
Automated Data Scraping in Action | HelpSystems,https://www.helpsystems.com/blog/rpa-action-automated-data-scraping,"Jan 20, 2020"
Data scraping from URLs in web pages | Octoparse,https://www.octoparse.com/tutorial/urls-introduction,"Mar 9, 2016 - Uploaded by Octoparse"
Tidy web scraping in R — Tutorial and resources | by Keith ...,https://towardsdatascience.com/tidy-web-scraping-in-r-tutorial-and-resources-ac9f72b4fe47,"Aug 16, 2019 - Uploaded by Yrrah0015"
LinkedIn Scraper | LinkedIn Data Extractor Software Tool,https://scrapingexpert.com/linkedin-scraper/,"Aug 8, 2014"
Stock Market Analysis using Web Scraping in 2020 | Octoparse,https://www.octoparse.com/blog/stock-market-analysis-using-web-scraping,"Sep 29, 2019 - Uploaded by Octoparse"
Can you Make Money from Web Scraping? Of Course ...,https://www.parsehub.com/blog/web-scraping-money/,"Mar 30, 2020 - Uploaded by ParseHub"
"Mozenda Web Scraping Software Trusted, Scalable and Fast",https://www.mozenda.com/web-scraping-software/,"Sep 9, 2015"
Scrape Web Data with Google Chrome - YouTube,https://www.youtube.com/watch?v=Z2iO5kaavwM,"Jun 29, 2018 - Uploaded by Dinesh Kumar Takyar"
How to Scrape a Website that Requires Login | ParseHub,https://www.parsehub.com/blog/web-scrape-login/,"Jan 20, 2020 - Uploaded by ParseHub"
PDF Data Scraping - PDFix.net | Making the PDF World ...,https://pdfix.net/features/pdf-data-scraping/,"Jul 24, 2018 - Uploaded by Team PDFix"
Data scraping from Lists/tables of web pages | Octoparse,https://www.octoparse.com/tutorial/listtable-page-introduction,"Jun 23, 2016 - Uploaded by Octoparse"
How to Use Content Scrapers to Automate these 7 SEO Hacks,https://neilpatel.com/blog/automate-seo-with-content-scrapers/,"Feb 16, 2018 - Uploaded by Neil Patel"
How to Scrape Product Data from eBay | ParseHub,https://www.parsehub.com/blog/scrape-ebay-data/,"Jul 27, 2020 - Uploaded by ParseHub"
How much does Web Scraping cost? | ParseHub,https://www.parsehub.com/blog/web-scraping-cost/,"Apr 6, 2020 - Uploaded by ParseHub"
Screen Scraping Software - RPA | UiPath,https://www.uipath.com/solutions/technology/screen-scraping,"Dec 5, 2014 - Uploaded by UiPath"
Scraping Web Data Up To 500% Faster - Mozenda,https://www.mozenda.com/scraping-web-data-faster/,"Nov 6, 2017 - Uploaded by MozendaSupport"
Screen Scraping Any Desktop Application - UiPath,https://www.uipath.com/developers/video-tutorials/screen-scraping-desktop-application,"Dec 19, 2014 - Uploaded by UiPath"
9 Popular Cloud-based Web Scraping Solutions - Geekflare,https://geekflare.com/web-scraping-tools/,"Feb 5, 2020 - Uploaded by Web Scraper"
How to Scrape HTML Tables into Excel | ParseHub,https://www.parsehub.com/blog/web-scrape-table/,"Jan 27, 2020 - Uploaded by ParseHub"
Beginner's guide to Web Scraping using Excel - ProWebScraper,https://prowebscraper.com/blog/beginners-guide-to-web-scraping-using-excel/,"Oct 12, 2018 - Uploaded by edutechional"
